year,tier,metric,value
2022,pf_da,revenue_eur_per_mw_yr,88593.3
2022,pf_da,revenue_eur_per_mwh_yr,44296.6
2022,pf_da,equivalent_full_cycles_yr,554.3
2022,persist_d1,revenue_eur_per_mw_yr,61731.7
2022,persist_d1,revenue_eur_per_mwh_yr,30865.8
2022,persist_d1,equivalent_full_cycles_yr,555.3
2022,persist_d1,capture_ratio,0.697
2022,persist_d1,forecast_value_gap_eur_per_mw_yr,26861.601
2022,persist_d7,revenue_eur_per_mw_yr,65086.3
2022,persist_d7,revenue_eur_per_mwh_yr,32543.2
2022,persist_d7,equivalent_full_cycles_yr,556.1
2022,persist_d7,capture_ratio,0.735
2022,persist_d7,forecast_value_gap_eur_per_mw_yr,23506.953
2022,blend,revenue_eur_per_mw_yr,65496.8
2022,blend,revenue_eur_per_mwh_yr,32748.4
2022,blend,equivalent_full_cycles_yr,475.9
2022,blend,capture_ratio,0.739
2022,blend,forecast_value_gap_eur_per_mw_yr,23096.466
2023,pf_da,revenue_eur_per_mw_yr,48558.2
2023,pf_da,revenue_eur_per_mwh_yr,24279.1
2023,pf_da,equivalent_full_cycles_yr,556.6
2023,persist_d1,revenue_eur_per_mw_yr,35151.1
2023,persist_d1,revenue_eur_per_mwh_yr,17575.6
2023,persist_d1,equivalent_full_cycles_yr,555.6
2023,persist_d1,capture_ratio,0.724
2023,persist_d1,forecast_value_gap_eur_per_mw_yr,13407.1
2023,persist_d7,revenue_eur_per_mw_yr,37536.3
2023,persist_d7,revenue_eur_per_mwh_yr,18768.2
2023,persist_d7,equivalent_full_cycles_yr,556.0
2023,persist_d7,capture_ratio,0.773
2023,persist_d7,forecast_value_gap_eur_per_mw_yr,11021.885
2023,blend,revenue_eur_per_mw_yr,37356.3
2023,blend,revenue_eur_per_mwh_yr,18678.2
2023,blend,equivalent_full_cycles_yr,477.9
2023,blend,capture_ratio,0.769
2023,blend,forecast_value_gap_eur_per_mw_yr,11201.896
2024,pf_da,revenue_eur_per_mw_yr,60583.2
2024,pf_da,revenue_eur_per_mwh_yr,30291.6
2024,pf_da,equivalent_full_cycles_yr,566.6
2024,persist_d1,revenue_eur_per_mw_yr,47317.3
2024,persist_d1,revenue_eur_per_mwh_yr,23658.7
2024,persist_d1,equivalent_full_cycles_yr,567.1
2024,persist_d1,capture_ratio,0.781
2024,persist_d1,forecast_value_gap_eur_per_mw_yr,13265.916
2024,persist_d7,revenue_eur_per_mw_yr,48369.6
2024,persist_d7,revenue_eur_per_mwh_yr,24184.8
2024,persist_d7,equivalent_full_cycles_yr,570.0
2024,persist_d7,capture_ratio,0.798
2024,persist_d7,forecast_value_gap_eur_per_mw_yr,12213.624
2024,blend,revenue_eur_per_mw_yr,50922.4
2024,blend,revenue_eur_per_mwh_yr,25461.2
2024,blend,equivalent_full_cycles_yr,505.1
2024,blend,capture_ratio,0.841
2024,blend,forecast_value_gap_eur_per_mw_yr,9660.795
2025,pf_da,revenue_eur_per_mw_yr,68587.3
2025,pf_da,revenue_eur_per_mwh_yr,34293.7
2025,pf_da,equivalent_full_cycles_yr,547.7
2025,persist_d1,revenue_eur_per_mw_yr,55522.8
2025,persist_d1,revenue_eur_per_mwh_yr,27761.4
2025,persist_d1,equivalent_full_cycles_yr,547.7
2025,persist_d1,capture_ratio,0.81
2025,persist_d1,forecast_value_gap_eur_per_mw_yr,13064.517
2025,persist_d7,revenue_eur_per_mw_yr,57044.2
2025,persist_d7,revenue_eur_per_mwh_yr,28522.1
2025,persist_d7,equivalent_full_cycles_yr,547.2
2025,persist_d7,capture_ratio,0.832
2025,persist_d7,forecast_value_gap_eur_per_mw_yr,11543.135
2025,blend,revenue_eur_per_mw_yr,56893.4
2025,blend,revenue_eur_per_mwh_yr,28446.7
2025,blend,equivalent_full_cycles_yr,462.3
2025,blend,capture_ratio,0.83
2025,blend,forecast_value_gap_eur_per_mw_yr,11693.957
2026,pf_da,revenue_eur_per_mw_yr,79506.2
2026,pf_da,revenue_eur_per_mwh_yr,39753.1
2026,pf_da,equivalent_full_cycles_yr,519.4
2026,persist_d1,revenue_eur_per_mw_yr,67439.0
2026,persist_d1,revenue_eur_per_mwh_yr,33719.5
2026,persist_d1,equivalent_full_cycles_yr,517.5
2026,persist_d1,capture_ratio,0.848
2026,persist_d1,forecast_value_gap_eur_per_mw_yr,12067.115
2026,persist_d7,revenue_eur_per_mw_yr,63960.7
2026,persist_d7,revenue_eur_per_mwh_yr,31980.4
2026,persist_d7,equivalent_full_cycles_yr,516.5
2026,persist_d7,capture_ratio,0.804
2026,persist_d7,forecast_value_gap_eur_per_mw_yr,15545.419
2026,blend,revenue_eur_per_mw_yr,68552.9
2026,blend,revenue_eur_per_mwh_yr,34276.5
2026,blend,equivalent_full_cycles_yr,372.6
2026,blend,capture_ratio,0.862
2026,blend,forecast_value_gap_eur_per_mw_yr,10953.217
